feature	metadata	value	coef	stderr	N	N.not.0	pval	qval
KDO.NAGLIPASYN.PWY	Age.category	D15	-2.31918562713734	0.519179773851339	201	151	1.38606794595001e-05	0.0165912333130216
ECASYN.PWY	Age.category	D15	-2.47398628021564	0.60516010829763	201	145	6.50811607643527e-05	0.0228388821731345
PWY.2941	Age.category	Adult	-1.12788504631067	0.287257242334749	201	201	0.00012367367653256	0.0228388821731345
PWY.5855	Age.category	Adult	2.07731155155636	0.536786178069121	201	198	0.000152640816528886	0.0228388821731345
PWY.5856	Age.category	Adult	2.07731155155636	0.536786178069121	201	198	0.000152640816528886	0.0228388821731345
PWY.5857	Age.category	Adult	2.07731155155636	0.536786178069121	201	198	0.000152640816528886	0.0228388821731345
PWY.6708	Age.category	Adult	2.07731155155636	0.536786178069121	201	198	0.000152640816528886	0.0228388821731345
PWY0.1338	Age.category	D15	-2.27411008131313	0.562222069251562	201	148	7.72359881454811e-05	0.0228388821731345
NAGLIPASYN.PWY	Age.category	Adult	1.8617761944489	0.501712527272008	201	198	0.000275914245761784	0.0330269352176855
PWY.6467	Age.category	Adult	2.05197869827147	0.549510401396368	201	198	0.000253318796855875	0.0330269352176855
PWY.7234	Age.category	Adult	-0.703045768338834	0.194168125154761	201	201	0.000381721601196841	0.0415382506029653
GLUCOSE1PMETAB.PWY	Age.category	D15	-1.70751865415673	0.495600610474825	201	180	0.000709573526850306	0.0465369845481595
PWY.5676	Age.category	Adult	1.92942920771608	0.547143261555084	201	183	0.000535643997725358	0.0465369845481595
PWY.5910	Age.category	D15	0.961465901072435	0.278824176592809	201	201	0.000704298965065683	0.0465369845481595
PWY.6122	Age.category	Adult	-0.608753636919572	0.177346320421994	201	201	0.00073868229441523	0.0465369845481595
PWY.6123	Age.category	Adult	-0.610847131273866	0.173235397809463	201	201	0.000532629595349772	0.0465369845481595
PWY.6277	Age.category	Adult	-0.608753636919572	0.177346320421994	201	201	0.00073868229441523	0.0465369845481595
PWY.922	Age.category	D15	1.02172723227844	0.296973765151184	201	201	0.000723798089033083	0.0465369845481595
PWY0.1241	Age.category	Adult	1.90981470951661	0.552736711848235	201	195	0.000686267621148741	0.0465369845481595
PWY.6121	Age.category	Adult	-0.591834971795778	0.175229616559644	201	201	0.000892452433293537	0.0534132781326182
PWY.6471	Age.category	Adult	-0.818182722244101	0.24419972345649	201	201	0.000986126237721769	0.0562091955501408
ANAEROFRUCAT.PWY	Age.category	Adult	-0.551497937062079	0.167198779753235	201	201	0.00117131925584361	0.0588961689226759
ANAGLYCOLYSIS.PWY	Age.category	Adult	-0.428842101514722	0.129398485222067	201	201	0.0011072132821727	0.0588961689226759
PPGPPMET.PWY	Age.category	Adult	2.06592880236403	0.629756425612348	201	193	0.00124589424569334	0.0588961689226759
PWY.5100	Age.category	Adult	-0.699191163775657	0.21343955074782	201	201	0.00126315808938279	0.0588961689226759
PWY.6588	Age.category	Adult	1.87487349015272	0.572903323688944	201	189	0.00127928186465294	0.0588961689226759
PWY.6317	Age.category	Adult	-0.693947583774897	0.217144285798887	201	201	0.00164830949933034	0.0730750544703118
PWY.1269	Age.category	Adult	1.36749820641482	0.435307001880773	201	200	0.0019661200517921	0.0816930794670583
PWY.5920	Age.category	Adult	1.4557774708131	0.466231702386059	201	198	0.00209615993552123	0.0816930794670583
PYRIDNUCSAL.PWY	Age.category	Adult	1.2529540318044	0.40140445842742	201	201	0.00210312613131627	0.0816930794670583
UDPNAGSYN.PWY	Age.category	Adult	-0.278590638979284	0.0892959435254659	201	201	0.00211569378736742	0.0816930794670583
PWY.6269	Age.category	Adult	1.63577915094507	0.530405002677933	201	193	0.00236964915850342	0.0886396888352685
DHGLUCONATE.PYR.CAT.PWY	Age.category	D15	-1.47305264318688	0.48306898457609	201	92	0.00262859902755243	0.0898980867422933
PWY.5484	Age.category	Adult	-0.475034274875216	0.155113922460259	201	201	0.00253098403797739	0.0898980867422933
PWY.5509	Age.category	Adult	1.61037155780308	0.526975426324564	201	194	0.00259117923062453	0.0898980867422933
GLYCOLYSIS	Age.category	Adult	-0.406397963152191	0.13372736245275	201	201	0.00272553353617693	0.090623990077883
PWY.5647	Age.category	Adult	-2.27924985888013	0.754722827772011	201	146	0.00289685479772569	0.0929692543823472
PWY.6147	Age.category	Adult	1.12755265757687	0.374010651953779	201	201	0.00295140490102689	0.0929692543823472
PWY.5654	Age.category	Adult	-2.21337107152224	0.738756845511884	201	162	0.00312498663129344	0.0959130512220063
AST.PWY	Age.category	D15	-1.55529340974737	0.5208460908638	201	163	0.00321730828101715	0.0962779503094382
X3.HYDROXYPHENYLACETATE.DEGRADATION.PWY	Age.category	D15	-1.6476676356697	0.558590520899124	201	168	0.00359813725270293	0.102546911702034
PWY.7539	Age.category	Adult	1.10157829875757	0.37276961154681	201	201	0.00355272167583353	0.102546911702034
GLUCONEO.PWY	Age.category	Adult	0.740605789965431	0.257964060428374	201	201	0.00458761908280219	0.107773647403146
KETOGLUCONMET.PWY	Age.category	D15	-1.48742392692027	0.517090154360851	201	169	0.00450395978369832	0.107773647403146
METH.ACETATE.PWY	Age.category	Adult	-2.12619803698884	0.735374447562827	201	108	0.00430921276864291	0.107773647403146
PWY.4722	Age.category	D15	-0.825128339241751	0.284182678855603	201	36	0.00413272107616702	0.107773647403146
PWY.5384	Age.category	D15	-1.49617661446932	0.511609854336444	201	181	0.00389610166420384	0.107773647403146
PWY.5392	Age.category	Adult	-1.99087047776374	0.693499538217409	201	138	0.0045918596637932	0.107773647403146
PWY.6071	Age.category	D15	-1.35021663375811	0.46731860233339	201	178	0.00432900279801292	0.107773647403146
PWY.7242	Age.category	Adult	1.35254517070869	0.465727410530812	201	200	0.00414431393673833	0.107773647403146
PWY0.1533	Age.category	Adult	1.75909456199279	0.604199551853148	201	189	0.00405751406625287	0.107773647403146
PWY0.1479	Age.category	D15	-1.19544420798819	0.418002914391188	201	180	0.00473773541853138	0.109059024922732
ASPASN.PWY	Age.category	Adult	1.132749199593	0.40480441252801	201	200	0.00570534074857459	0.11461475276527
HEME.BIOSYNTHESIS.II	Age.category	Adult	1.16306602410062	0.415952155282719	201	201	0.0057451003892366	0.11461475276527
PWY.5918	Age.category	Adult	1.10341823624495	0.392996883979334	201	201	0.00555226921534948	0.11461475276527
PWY.6629	Age.category	D15	-1.26894299294354	0.453165614773227	201	73	0.00565196846674773	0.11461475276527
PWY.6892	Age.category	Adult	1.7012308197466	0.604274686360341	201	194	0.00543197075962356	0.11461475276527
PWY0.845	Age.category	D15	-1.14891521350534	0.406461973362899	201	172	0.00523629374519196	0.11461475276527
PYRIDOXSYN.PWY	Age.category	D15	-1.20738003937804	0.427648953344301	201	172	0.00528767084692018	0.11461475276527
UBISYN.PWY	Age.category	Adult	1.46648674113945	0.516917806431727	201	198	0.00508532803090384	0.11461475276527
P261.PWY	Age.category	Adult	-2.39940832769916	0.862151720095871	201	104	0.00595715191379604	0.116896899029735
PWY.5655	Age.category	Adult	-2.2336639358207	0.807114953276664	201	142	0.00624314730302538	0.120533021318087
PWY.5507	Treatment	L. kimchicus	2.06807184633362	0.696330612838448	201	140	0.00663491683397478	0.124093678910435
PWY.5651	Age.category	Adult	-2.09287622793362	0.760755226048271	201	154	0.00655263753326058	0.124093678910435
NADSYN.PWY	Age.category	Adult	-2.00281559047186	0.73127388210771	201	154	0.00679178986179454	0.125073422531816
DAPLYSINESYN.PWY	Age.category	Adult	0.894208896253846	0.328824666900146	201	201	0.00719179257236623	0.127724274710683
PWY.6151	Age.category	Adult	-0.623307279879881	0.229185115418372	201	201	0.00718127264494516	0.127724274710683
PWY.6471	Age.category	D15	0.477619465744488	0.175855717782489	201	201	0.00725584852157597	0.127724274710683
AEROBACTINSYN.PWY	Age.category	D15	-1.4283127717768	0.527922265195342	201	85	0.00746956647402665	0.127729586705856
PWY.7003	Age.category	Adult	1.70418630639902	0.629140814445129	201	174	0.00740865134275862	0.127729586705856
THREOCAT.PWY	Age.category	D15	-1.52849116160576	0.567205227537377	201	80	0.00767717674339636	0.129430712138668
GOLPDLCAT.PWY	Treatment	L. kimchicus	2.02571042183657	0.709608180203993	201	172	0.00840700842651365	0.130859756423515
NONMEVIPP.PWY	Age.category	Adult	0.949872014157079	0.354150741475054	201	201	0.00801192633132396	0.130859756423515
POLYISOPRENSYN.PWY	Age.category	Adult	-0.283516079978407	0.1064259725038	201	201	0.0084392605735471	0.130859756423515
PWY.7560	Age.category	Adult	0.949872014157079	0.354150741475054	201	201	0.00801192633132396	0.130859756423515
PWY4FS.7	Age.category	Adult	-0.233053658183426	0.0876040352232507	201	201	0.00852720217296088	0.130859756423515
PWY4FS.8	Age.category	Adult	-0.233053658183426	0.0876040352232507	201	201	0.00852720217296088	0.130859756423515
RIBOSYN2.PWY	Age.category	Adult	0.921429566399576	0.346366013149631	201	201	0.0085253664759968	0.130859756423515
ARGDEG.PWY	Age.category	D15	-1.67870970868664	0.636712916349717	201	138	0.00909629104901046	0.132783663239823
ORNARGDEG.PWY	Age.category	D15	-1.67870970868664	0.636712916349717	201	138	0.00909629104901046	0.132783663239823
PWY.2941	Age.category	D15	0.548166320439977	0.207047931663471	201	201	0.00883869116536854	0.132783663239823
PWY.7377	Treatment	L. kimchicus	2.17247964234973	0.768433229394916	201	158	0.00904707841434486	0.132783663239823
GALACTUROCAT.PWY	Age.category	Adult	1.56940726814955	0.59960772502269	201	192	0.00962860998911971	0.137207692344956
PWY.181	Age.category	Adult	1.35366840833765	0.516641141700246	201	178	0.0095546464704266	0.137207692344956
PWY.7347	Treatment	L. kimchicus	1.97403516709616	0.706113312333725	201	117	0.00982001970286456	0.138288983345046
PWY.6174	Age.category	Adult	-1.10091268532074	0.423187710922094	201	46	0.0100481848435755	0.139856712299533
NAD.BIOSYNTHESIS.II	Age.category	Adult	2.02578707402277	0.781980940040177	201	170	0.0103676078227172	0.142254116257216
P161.PWY	Age.category	Adult	-0.62831680345016	0.242815948369348	201	201	0.0104581138100543	0.142254116257216
SALVADEHYPOX.PWY	Age.category	Adult	1.2631848191784	0.489435765458537	201	198	0.0106621338889673	0.143399710843751
PWY.7221	Age.category	Adult	-0.200786044054192	0.0779531987003905	201	201	0.010822315422147	0.143936795114556
P381.PWY	Treatment	L. kimchicus	1.83299079852116	0.666895197758982	201	152	0.0111697580636931	0.144832987037512
PWY.6641	Age.category	Adult	-1.56869727797239	0.612216779912351	201	79	0.0112394077172497	0.144832987037512
PWY.7237	Age.category	D15	-1.04657347224952	0.408596737732425	201	196	0.0112526882159471	0.144832987037512
PWY.5188	Age.category	Adult	0.984152645285147	0.385271288893976	201	201	0.0114811210527691	0.146201084044305
PHOSLIPSYN.PWY	Age.category	Adult	-0.215239479958712	0.0844686947770648	201	201	0.0116832119185604	0.146218430502149
SUCSYN.PWY	Treatment	L. kimchicus	1.81914315778836	0.668960626542298	201	117	0.0117267914187187	0.146218430502149
KDO.NAGLIPASYN.PWY	Age.category	Adult	1.83475901104459	0.722638582337226	201	151	0.0119653511213042	0.146245087637472
PWY0.321	Age.category	D15	-1.28804139455884	0.507443290319435	201	179	0.0119732820287989	0.146245087637472
PWY0.1415	Age.category	Adult	1.17745235941836	0.464714998915331	201	200	0.0121553237363572	0.146968914266864
ARGDEG.PWY	Age.category	Adult	2.20419499069165	0.886546119016367	201	138	0.013823378768384	0.149551796539703
BIOTIN.BIOSYNTHESIS.PWY	Age.category	D15	-0.974349742391218	0.39174825433784	201	189	0.0137893477968812	0.149551796539703
GLYCOL.GLYOXDEG.PWY	Age.category	Adult	1.92334690185988	0.765411032319925	201	139	0.0128680155976129	0.149551796539703
ORNARGDEG.PWY	Age.category	Adult	2.20419499069165	0.886546119016367	201	138	0.013823378768384	0.149551796539703
ORNDEG.PWY	Age.category	D15	-1.33044606342587	0.529176902288113	201	131	0.0127891646769543	0.149551796539703
PWY.2221	Treatment	L. kimchicus	1.37383867027422	0.512013764396687	201	66	0.0126639317918205	0.149551796539703
PWY.5189	Age.category	Adult	0.954436314543562	0.384001790485597	201	201	0.0138682117091955	0.149551796539703
PWY.621	Age.category	D15	0.489504850554419	0.196777476956263	201	201	0.0137650247871957	0.149551796539703
PWY.6608	Age.category	Adult	1.20361053135127	0.48414746137611	201	198	0.0138430660264388	0.149551796539703
PWY.6891	Age.category	Adult	1.3252362255961	0.531362181789522	201	194	0.0135442392145855	0.149551796539703
PWY.7328	Age.category	Adult	1.2938910651036	0.520190173155724	201	195	0.0137929851765585	0.149551796539703
THISYN.PWY	Age.category	Adult	1.2806779232369	0.513802018509528	201	194	0.0136137753567643	0.149551796539703
HEMESYN2.PWY	Age.category	Adult	0.934805479002389	0.376808933482642	201	201	0.0140432941151454	0.150087705855616
PWY.6519	Age.category	D15	-0.995269257530024	0.401919196345421	201	189	0.0142015866293048	0.150436276064406
PWY.5345	Age.category	Adult	0.97370449059295	0.394860931040344	201	201	0.014620078970116	0.151670933442333
PWY.7664	Age.category	Adult	1.38995031920318	0.56487967086816	201	194	0.0148249784567694	0.151670933442333
PWY0.862	Age.category	Adult	1.40902561147391	0.570933296776766	201	194	0.0145353579240131	0.151670933442333
TYRFUMCAT.PWY	Age.category	D15	-1.05122407538304	0.426814767106993	201	189	0.0147237326382759	0.151670933442333
GALACT.GLUCUROCAT.PWY	Age.category	Adult	1.45309987932561	0.591471026991747	201	191	0.01498578234967	0.151913761486354
PWYG.321	Age.category	Adult	1.38681185096568	0.565177987509245	201	193	0.0151025376916259	0.151913761486354
PWY.6282	Age.category	Adult	1.40174424157687	0.572474560065077	201	194	0.0153127161236284	0.152744343333194
PWY.6185	Age.category	D15	-1.16832093965196	0.478983098396521	201	165	0.0156848422170345	0.155163273832978
GALACTARDEG.PWY	Age.category	Adult	1.77902722689012	0.734745483254139	201	165	0.0164695603316633	0.155810123676077
GLUCARGALACTSUPER.PWY	Age.category	Adult	1.77902722689012	0.734745483254139	201	165	0.0164695603316633	0.155810123676077
P562.PWY	Age.category	D15	-0.971040293625252	0.398834763269318	201	196	0.0158927456788916	0.155810123676077
PWY.5989	Age.category	Adult	1.38522249493581	0.570920106901735	201	194	0.0162527478489156	0.155810123676077
PWY.6505	Age.category	Adult	-1.85983182038345	0.768601864542349	201	134	0.0165312328378127	0.155810123676077
PWY.7208	Age.category	Adult	-0.227352701614728	0.0935642226054891	201	201	0.0161075428861957	0.155810123676077
FASYN.ELONG.PWY	Age.category	D15	0.299865856856475	0.124169967856041	201	201	0.0167391690936267	0.156537385977118
PWY.6895	Age.category	Adult	1.09346696314023	0.453536162777705	201	194	0.0169267939854797	0.157064902330382
DENITRIFICATION.PWY	Treatment	L. kimchicus	1.77674680653173	0.697363700321375	201	112	0.0170940396008411	0.157363009615641
PYRIDOXSYN.PWY	Age.category	Adult	1.42897335176191	0.59429621382968	201	172	0.0172218498409766	0.157363009615641
PANTO.PWY	Age.category	Adult	0.835579082841595	0.348042213215672	201	201	0.017396161087778	0.157751551682351
ANAGLYCOLYSIS.PWY	Treatment	L. kimchicus	-0.264150646895902	0.105899657345824	201	201	0.0196368825128389	0.157804014771058
FASYN.INITIAL.PWY	Age.category	Adult	1.36647316634178	0.578361533462546	201	194	0.019224818615618	0.157804014771058
FUCCAT.PWY	Age.category	Adult	1.78402983158552	0.747360686662837	201	151	0.0180232839587008	0.157804014771058
METH.ACETATE.PWY	Treatment	L. kimchicus	2.07288598059193	0.829742607354222	201	108	0.0193286281370141	0.157804014771058
PROTOCATECHUATE.ORTHO.CLEAVAGE.PWY	Age.category	Adult	1.22612738737517	0.521903967596543	201	197	0.0199067721223306	0.157804014771058
PWY.2221	Age.category	Adult	-1.32150518604612	0.554861428098319	201	66	0.0182644782310284	0.157804014771058
PWY.3941	Treatment	L. kimchicus	0.486229333238942	0.19571197265752	201	34	0.0196811759205142	0.157804014771058
PWY.5183	Treatment	L. kimchicus	1.86129505709391	0.74675313203714	201	117	0.0196286507803171	0.157804014771058
PWY.5198	Treatment	L. kimchicus	0.874707813434058	0.347201284203975	201	54	0.0193693757926911	0.157804014771058
PWY.5265	Age.category	Adult	1.61558955000665	0.674557922738944	201	172	0.0176555759758955	0.157804014771058
PWY.5265	Age.category	D15	1.14145183884229	0.484577721583649	201	172	0.0195611218912237	0.157804014771058
PWY.5741	Treatment	L. kimchicus	1.95497247610652	0.782961905396057	201	162	0.019148848604913	0.157804014771058
PWY.5910	Age.category	Adult	-0.925283675560394	0.386970699174448	201	201	0.0178526436092814	0.157804014771058
PWY.5941	Treatment	L. kimchicus	2.21590452343342	0.881487221101823	201	145	0.0190674905064423	0.157804014771058
PWY.7254	Age.category	Adult	0.921675364617976	0.386152076659533	201	201	0.0180563511726409	0.157804014771058
PWY.7374	Age.category	Adult	-1.68102707098121	0.712698919682105	201	172	0.0194121609709958	0.157804014771058
PWY.922	Age.category	Adult	-0.968503980608731	0.412131708211334	201	201	0.019882920182513	0.157804014771058
PWY0.845	Age.category	Adult	1.32782398158544	0.564760671734666	201	172	0.0198131559534458	0.157804014771058
TCA	Age.category	Adult	0.892177049675283	0.376758640446675	201	201	0.0189640066388608	0.157804014771058
CODH.PWY	Age.category	Adult	-1.63360299916855	0.699025493594511	201	94	0.0205364187097988	0.161724297339666
PWY.6470	Age.category	D15	0.635480569824987	0.272623506287936	201	201	0.0208831067583026	0.163379599932603
GLCMANNANAUT.PWY	Age.category	Adult	1.2853143590671	0.552484093530114	201	197	0.0211231176606216	0.164184232725741
PWY.5971	Age.category	Adult	1.27124081461272	0.548106881660372	201	194	0.0215127559623776	0.166133992819136
CRNFORCAT.PWY	Treatment	L. kimchicus	2.03475153814161	0.83379143610901	201	164	0.0218633860912776	0.167476307743233
NAD.BIOSYNTHESIS.II	Age.category	D15	-1.29056257406946	0.56206754657112	201	170	0.0228058798347092	0.167476307743233
P184.PWY	Treatment	L. kimchicus	1.55356418534037	0.636723705750269	201	104	0.0221958187198757	0.167476307743233
PWY.4984	Age.category	Adult	1.2305507866528	0.534116133306743	201	197	0.0223908042812571	0.167476307743233
PWY.5028	Age.category	Adult	1.44669709792097	0.627516699331926	201	175	0.0222957820732036	0.167476307743233
PWY.6628	Age.category	D15	-0.980477530518095	0.425955810305475	201	188	0.0224820153532725	0.167476307743233
PWY.6630	Age.category	D15	-0.978517391079493	0.426018572470042	201	188	0.0227684769549781	0.167476307743233
PWY1G.0	Treatment	L. kimchicus	1.58718253183051	0.656442234510052	201	200	0.0227183225694476	0.167476307743233
PWY0.1479	Age.category	Adult	1.33103554872236	0.580864524600618	201	180	0.0231075729128012	0.168657102296482
PWY.1622	Treatment	L. kimchicus	2.04868438285761	0.849385609055112	201	144	0.0233025916144038	0.169049710075402
PWY.3661	Treatment	L. kimchicus	1.67696306751535	0.697468018355506	201	153	0.0237932504874033	0.171569402610974
SO4ASSIM.PWY	Age.category	Adult	0.9912842010828	0.435787481867295	201	201	0.0241281558568361	0.172942530303191
GLUCUROCAT.PWY	Age.category	D15	-0.803158625347116	0.357395047005566	201	197	0.0258493925383353	0.182010134519926
P101.PWY	Treatment	L. kimchicus	1.50990139358457	0.639777198921977	201	187	0.025740422627513	0.182010134519926
PWY.5181	Age.category	D15	-1.06889645096345	0.474787211852489	201	172	0.0255575725892229	0.182010134519926
AEROBACTINSYN.PWY	Age.category	Adult	1.64581764240239	0.735018837756984	201	85	0.0263863944940915	0.183105694292754
ARG.POLYAMINE.SYN	Age.category	Adult	0.981902024689454	0.439452024401767	201	196	0.0267108007367387	0.183105694292754
AST.PWY	Age.category	Adult	1.61000126189277	0.724131005148102	201	163	0.0274491865767751	0.183105694292754
P164.PWY	Age.category	Adult	-1.32601889306609	0.595680990410683	201	185	0.0272719667222285	0.183105694292754
PWY.4722	Age.category	Adult	-0.886757178763544	0.397257769295558	201	36	0.0268170964854834	0.183105694292754
PWY.5183	Age.category	Adult	-1.70747253302379	0.768501316909541	201	117	0.0275346908710908	0.183105694292754
PWY.6339	Age.category	Adult	1.22112859167648	0.54521744960062	201	66	0.0262996703935545	0.183105694292754
PWY.6728	Treatment	L. kimchicus	1.50052321146494	0.639701282188304	201	99	0.0273170142348693	0.183105694292754
PWY.7398	Age.category	Adult	-0.829607851613692	0.372190230011088	201	21	0.0270302535150636	0.183105694292754
PWY0.1338	Age.category	Adult	1.7406332528372	0.782407464807126	201	148	0.0273501390904451	0.183105694292754
PWY.7446	Age.category	D15	-1.30545515291309	0.588626618918685	201	100	0.0277748665072572	0.183682404470646
POLYAMSYN.PWY	Age.category	Adult	1.01416496668845	0.458105312770706	201	196	0.0281199376391019	0.184942666780247
FAO.PWY	Age.category	Adult	0.964691086711545	0.438007191171916	201	201	0.028928850791952	0.187177483232252
P261.PWY	Treatment	L. kimchicus	1.95369829470698	0.845660600534932	201	104	0.0288703727709203	0.187177483232252
TEICHOICACID.PWY	Treatment	L. kimchicus	1.49756231847867	0.646755392472494	201	197	0.0287776126969025	0.187177483232252
PWY.6210	Age.category	Adult	-1.64279372906458	0.748884561152664	201	127	0.0295441098437698	0.19013064238168
CHLOROPHYLL.SYN	Treatment	L. kimchicus	2.04438161524197	0.888176387666826	201	117	0.0297698853068135	0.190388682416549
PWY.7007	Treatment	L. kimchicus	1.5037507581401	0.655413307199831	201	200	0.0299023160353477	0.190388682416549
COA.PWY	Age.category	Adult	-0.202252019028709	0.0926709351773185	201	201	0.0303997839998096	0.192531965332127
PWY.3781	Age.category	Adult	0.850179827233297	0.390238275397436	201	201	0.0306825688231851	0.193300183586066
COLANSYN.PWY	Age.category	Adult	1.01536796225357	0.47142062569804	201	198	0.0325962407092186	0.19424870063001
P101.PWY	Age.category	D15	-0.867799706976296	0.40513173672415	201	187	0.033515373640986	0.19424870063001
PWY.1541	Age.category	Adult	-0.952838121639902	0.442917973056632	201	37	0.0326720036224483	0.19424870063001
PWY.1882	Age.category	Adult	-1.26540983285647	0.58313343753245	201	83	0.031333555991471	0.19424870063001
PWY.5266	Age.category	Adult	-0.576290302326038	0.268530252258394	201	21	0.0332047522451393	0.19424870063001
PWY.5273	Age.category	Adult	-0.576290302326038	0.268530252258394	201	21	0.0332047522451393	0.19424870063001
PWY.5392	Age.category	D15	-1.07100756956162	0.498714085264757	201	138	0.0330823272300272	0.19424870063001
PWY.5531	Treatment	L. kimchicus	2.18481697609361	0.963415774108416	201	138	0.0319277834397186	0.19424870063001
PWY.6353	Age.category	Adult	0.981124669643315	0.455371248436401	201	198	0.0325455614725286	0.19424870063001
PWY.6385	Age.category	Adult	-0.198721812398677	0.0925338737337797	201	201	0.033118623129311	0.19424870063001
PWY.6386	Age.category	Adult	-0.19884571588565	0.0927045931859232	201	201	0.0333283963099054	0.19424870063001
PWY.6387	Age.category	Adult	-0.197569689459219	0.0918022952657238	201	201	0.0327496906554864	0.19424870063001
PWY.6519	Age.category	Adult	1.19554890400199	0.558255447705594	201	189	0.0335918805600769	0.19424870063001
PWY.6876	Age.category	Adult	1.4226956658214	0.660669259260866	201	177	0.0326325398229406	0.19424870063001
PWY.6948	Age.category	Adult	-1.41521050180096	0.658854652510146	201	160	0.0330680067688317	0.19424870063001
PWY.7159	Treatment	L. kimchicus	2.18481697609361	0.963415774108416	201	138	0.0319277834397186	0.19424870063001
PWY490.3	Treatment	L. kimchicus	1.86190125496486	0.824655592183387	201	180	0.0325039822809337	0.19424870063001
PWY.5529	Treatment	L. kimchicus	1.3610950459591	0.607006048379073	201	107	0.0339516386158434	0.195385151072906
PWY.622	Treatment	L. kimchicus	1.03697987868863	0.462177417302852	201	65	0.0342520780483307	0.196170992458621
FUC.RHAMCAT.PWY	Age.category	D15	-1.22773860928619	0.577354627321872	201	142	0.0348269145449875	0.198513412906429
BIOTIN.BIOSYNTHESIS.PWY	Age.category	Adult	1.15268027937599	0.544080580849021	201	189	0.0355190488071436	0.198674305710986
PEPTIDOGLYCANSYN.PWY	Age.category	Adult	-0.194433958106716	0.0916666954431526	201	201	0.0353135598465012	0.198674305710986
PWY.181	Treatment	L. kimchicus	1.6565137877496	0.746055977281295	201	178	0.035209262746821	0.198674305710986
PWY.5484	Age.category	D15	0.236244314742897	0.111439348431143	201	201	0.0353553813104931	0.198674305710986
PWY.5430	Treatment	L. kimchicus	1.92210345496809	0.868729682040575	201	142	0.0360884882736956	0.200920560295877
PWY.6590	Treatment	L. kimchicus	1.41402322475343	0.642790276446035	201	187	0.0362618609808735	0.200951146269008
CENTFERM.PWY	Treatment	L. kimchicus	1.46979292768981	0.66886696340902	201	187	0.0364319647839394	0.200963418646892
P441.PWY	Age.category	Adult	1.06887501747615	0.507575075479297	201	196	0.0366125845732512	0.201033319881568
PWY.1269	Age.category	D15	-0.657128603071172	0.31278496175826	201	200	0.0370205648468064	0.201425527825579
PWY0.1261	Age.category	Adult	0.897613813189246	0.42691454270987	201	198	0.0369128195315789	0.201425527825579
SULFATE.CYS.PWY	Age.category	Adult	0.8399454449312	0.400232474854188	201	201	0.0372704510856717	0.201867556332801
PWY.6703	Age.category	Adult	0.878864587027277	0.420067823587854	201	200	0.0378423685998433	0.20404196042348
LPSSYN.PWY	Age.category	D15	-0.739435088868425	0.354025413719526	201	46	0.0380924875850659	0.204469540983515
PWY.5659	Age.category	Adult	0.716958315020222	0.344131534674701	201	201	0.0386563635046549	0.206569942477999
P241.PWY	Age.category	Adult	-1.1099130839932	0.534347152392153	201	73	0.0392092999374575	0.208593475667274
CODH.PWY	Treatment	L. kimchicus	1.49374823501625	0.693148687401624	201	94	0.0409847101462204	0.211667840752421
LIPASYN.PWY	Treatment	L. kimchicus	1.15646280371879	0.531762580656556	201	98	0.0411424370620876	0.211667840752421
POLYISOPRENSYN.PWY	Age.category	D15	0.157739286529743	0.0766746418239296	201	201	0.0411209528576184	0.211667840752421
PWY.1501	Age.category	Adult	-1.30158202152785	0.630789925552838	201	61	0.040496530001781	0.211667840752421
PWY.4361	Age.category	Adult	-1.35174486443442	0.654233271332693	201	157	0.0402563813221866	0.211667840752421
PWY.5100	Treatment	L. kimchicus	-0.476736636854609	0.222061489206114	201	201	0.0415330154516841	0.211667840752421
PWY.5656	Treatment	L. kimchicus	0.708375126488944	0.33156618454642	201	22	0.0414565279077398	0.211667840752421
PWY.6383	Treatment	L. kimchicus	1.31739571699991	0.610748187872708	201	200	0.040139625698848	0.211667840752421
PWY.6478	Treatment	L. kimchicus	1.50993681985552	0.702571801217793	201	177	0.0419091714772964	0.211667840752421
PWY.6478	Age.category	D15	-0.907890603357345	0.440897618277694	201	177	0.0409053593977525	0.211667840752421
PWY.7013	Age.category	D15	-1.25228081876174	0.611130998045339	201	147	0.0418853902369816	0.211667840752421
PWY.7616	Age.category	D15	-0.97512175600587	0.475732056297771	201	191	0.0418229458917343	0.211667840752421
ANAEROFRUCAT.PWY	Age.category	D15	0.244941769346595	0.120143296912451	201	201	0.0429117335440165	0.21412584341791
PWY.5088	Treatment	L. kimchicus	0.852173472435953	0.397933367170122	201	49	0.043024391348656	0.21412584341791
PWY.6876	Treatment	L. kimchicus	1.75865257747122	0.827692638960318	201	177	0.0431113853498047	0.21412584341791
PWY.7295	Treatment	L. kimchicus	1.28264931894506	0.593471464275009	201	57	0.0430466510107416	0.21412584341791
LIPASYN.PWY	Age.category	D15	-0.874482137646715	0.43093810291396	201	98	0.0438688281698623	0.216094598021914
PWY.5430	Age.category	Adult	-1.48625718392201	0.732214065040292	201	142	0.0438609796856649	0.216094598021914
PWY.7376	Age.category	Adult	1.13005921107845	0.557337551899657	201	192	0.0440956211163414	0.216321551132216
PWY.3941	Age.category	Adult	-0.538057647436321	0.26738183904196	201	34	0.0456229457754334	0.221994577614609
PWY.5154	Age.category	D15	-0.600869893977448	0.298370301607101	201	199	0.0455108864451788	0.221994577614609
PWY.6397	Treatment	L. kimchicus	1.31972426665388	0.630898503325589	201	193	0.0460869272150371	0.223344339580564
PWY.5747	Age.category	D15	-0.824404147902844	0.41117706927817	201	191	0.0464681143392599	0.224283600258444
ALL.CHORISMATE.PWY	Age.category	Adult	1.26847495529749	0.633935597278772	201	167	0.0469261708189133	0.224660005933577
P108.PWY	Treatment	L. kimchicus	1.27296709153588	0.611938298022796	201	200	0.0472968433544374	0.224660005933577
PWY.7242	Age.category	D15	-0.668506553616324	0.334711296467475	201	200	0.0472802715388154	0.224660005933577
PWY.7527	Age.category	Adult	-1.59700209319236	0.799015362828171	201	156	0.0471590049374968	0.224660005933577
PWY.6126	Age.category	Adult	-0.199387270146322	0.0999973255799096	201	201	0.0476959145212731	0.224771691661275
PWY.7663	Treatment	L. kimchicus	-0.365100520794931	0.175603592085444	201	201	0.0476146555720438	0.224771691661275
TCA.GLYOX.BYPASS	Age.category	Adult	0.788107805293959	0.396183554340127	201	200	0.0482209125891141	0.226354636741841
PWY.1882	Treatment	L. kimchicus	1.27873329905092	0.612058453348437	201	83	0.0486332167531969	0.226513464799909
PWY.5183	Age.category	D15	-1.09452691144673	0.551251775941152	201	117	0.0485638472934495	0.226513464799909
FUC.RHAMCAT.PWY	Age.category	Adult	1.58425632951266	0.802176911663964	201	142	0.0498256554090715	0.226787530202735
GLUCUROCAT.PWY	Age.category	Adult	0.972813491462568	0.496182711954863	201	197	0.0515012354095582	0.226787530202735
GLYCOLYSIS	Age.category	D15	0.190107753524295	0.096027709891868	201	201	0.0492256583568619	0.226787530202735
GOLPDLCAT.PWY	Age.category	D15	-0.793607079320649	0.404516005380893	201	172	0.0513189338516097	0.226787530202735
HOMOSER.METSYN.PWY	Treatment	L. kimchicus	0.936042294593622	0.46039017266863	201	201	0.0524908436247487	0.226787530202735
LACTOSECAT.PWY	Age.category	D15	0.888844493208288	0.456869400111646	201	191	0.0532698524130103	0.226787530202735
P105.PWY	Age.category	Adult	0.727894425792382	0.371579763946822	201	200	0.0517000255080035	0.226787530202735
PWY.3781	Age.category	D15	-0.547561956391012	0.28097737430535	201	201	0.0528846641895876	0.226787530202735
PWY.5654	Treatment	L. kimchicus	1.85552992982859	0.899187880098044	201	162	0.0494578737494206	0.226787530202735
PWY.5667	Age.category	Adult	-0.167952910444675	0.0851198719149847	201	201	0.0500432370853229	0.226787530202735
PWY.5686	Age.category	Adult	-0.175592836930375	0.0900367567535879	201	201	0.052733603273538	0.226787530202735
PWY.5705	Age.category	Adult	0.904193191335033	0.458710208356868	201	199	0.0502430647447955	0.226787530202735
PWY.5973	Treatment	L. kimchicus	-0.325722960302747	0.160906643639877	201	201	0.0533391643627493	0.226787530202735
PWY.6147	Treatment	L. kimchicus	1.09027743337868	0.538484997513606	201	201	0.0534286412006444	0.226787530202735
PWY.6151	Age.category	D15	0.324221108432073	0.164912919276989	201	201	0.0508286819086445	0.226787530202735
PWY.621	Age.category	Adult	-0.532377340871351	0.273552811058474	201	201	0.0532062730539008	0.226787530202735
PWY.6404	Treatment	L. kimchicus	1.6229512469132	0.785290021599008	201	163	0.0493985618798467	0.226787530202735
PWY.6728	Age.category	Adult	-1.27098952544425	0.643721659175848	201	99	0.0498538529820666	0.226787530202735
PWY.6731	Treatment	L. kimchicus	1.69885575529903	0.833028560135792	201	96	0.0512702691359217	0.226787530202735
PWY.6737	Age.category	Adult	0.802291299301473	0.412411810996222	201	201	0.0533152514000255	0.226787530202735
PWY.6944	Treatment	L. kimchicus	1.35507159232014	0.662021118381216	201	67	0.0528490404408596	0.226787530202735
PWY.7539	Treatment	L. kimchicus	1.09167020667431	0.537516001111497	201	201	0.0527411730372017	0.226787530202735
PWY0.1319	Age.category	Adult	-0.167952910444675	0.0851198719149847	201	201	0.0500432370853229	0.226787530202735
PWY0.42	Age.category	D15	-0.783297408663909	0.400861660955528	201	191	0.0522511669576877	0.226787530202735
PYRIDNUCSAL.PWY	Age.category	D15	-0.567589978112959	0.289083977007323	201	201	0.051151102017882	0.226787530202735
PWY.7446	Age.category	Adult	-1.59050677884286	0.821170847692904	201	100	0.0543013607543165	0.229677487006773
PWY.7229	Age.category	Adult	-0.186264928493808	0.0963275493538886	201	201	0.0547528928659505	0.230771875917404
PWY.7090	Age.category	Adult	1.43463519815554	0.743095771932918	201	97	0.0551089617804995	0.231457639478098
GLYCOLYSIS.E.D	Age.category	D15	-0.543557469780374	0.282205417185362	201	200	0.0556489636982763	0.232908424988939
X3.HYDROXYPHENYLACETATE.DEGRADATION.PWY	Age.category	Adult	1.49030206181972	0.777231687192175	201	168	0.0567706272780382	0.235136473535681
COBALSYN.PWY	Age.category	Adult	0.895547492599864	0.466777707632717	201	201	0.0566517687754379	0.235136473535681
PWY.6948	Treatment	L. kimchicus	1.51240894090874	0.758241147105438	201	160	0.0566601110135952	0.235136473535681
ENTBACSYN.PWY	Age.category	Adult	1.28458472193855	0.672595929290444	201	183	0.0577484942218357	0.237202533124567
GLUCARDEG.PWY	Age.category	Adult	1.43017030917057	0.750530749117003	201	171	0.0583191030651479	0.237202533124567
P163.PWY	Treatment	L. kimchicus	1.50578568903244	0.762712963429785	201	165	0.0590617489889548	0.237202533124567
P221.PWY	Treatment	L. kimchicus	1.24760012913485	0.63345521093149	201	197	0.0593803740972009	0.237202533124567
PWY.5860	Age.category	Adult	1.22405944719626	0.646108204890479	201	175	0.0597805380011772	0.237202533124567
PWY.5862	Age.category	Adult	1.22405944719626	0.646108204890479	201	175	0.0597805380011772	0.237202533124567
PWY.6749	Age.category	D15	0.832196645578173	0.436783150549556	201	82	0.0582782430920923	0.237202533124567
PWY.6957	Age.category	Adult	-1.11125379075113	0.582995634956506	201	58	0.0582175762720902	0.237202533124567
PWY.6957	Age.category	D15	-0.791435456921209	0.417531737830905	201	58	0.0595757854673154	0.237202533124567
PWY.6992	Age.category	D15	-0.951050887135148	0.498534191967421	201	103	0.0580126485914729	0.237202533124567
PWY.7046	Treatment	L. kimchicus	1.48041084419216	0.751570626673181	201	74	0.0597166437951011	0.237202533124567
PWY.7090	Treatment	L. kimchicus	1.46111445367741	0.7405858823098	201	97	0.0598455847983451	0.237202533124567
PWY.7234	Age.category	D15	0.265550526834221	0.139555691439146	201	201	0.0586347940923434	0.237202533124567
FERMENTATION.PWY	Age.category	Adult	0.682899800116301	0.364396867948306	201	201	0.0625668841784378	0.237315873826601
MET.SAM.PWY	Treatment	L. kimchicus	0.779596710520428	0.398128458366684	201	201	0.061137892716142	0.237315873826601
P4.PWY	Age.category	Adult	0.624693839758579	0.333750154204514	201	201	0.0628938637697731	0.237315873826601
POLYISOPRENSYN.PWY	Treatment	L. kimchicus	-0.308495120212715	0.157368146208517	201	201	0.0609834173164496	0.237315873826601
PWY.3781	Treatment	L. kimchicus	1.03287859381199	0.528666798513661	201	201	0.0618352687860477	0.237315873826601
PWY.4984	Treatment	L. kimchicus	1.40897071280074	0.71862181357725	201	197	0.0607539055344485	0.237315873826601
PWY.5154	Age.category	Adult	0.774998820031639	0.41462889956699	201	199	0.0632445812453516	0.237315873826601
PWY.5419	Treatment	L. kimchicus	1.35960315286716	0.70018611154238	201	181	0.0627627831116242	0.237315873826601
PWY.5845	Age.category	Adult	1.17517787491526	0.628333455193596	201	175	0.0630850951763413	0.237315873826601
PWY.5845	Age.category	D15	-0.848028729106487	0.451995495512528	201	175	0.0622444989394992	0.237315873826601
PWY.5850	Age.category	Adult	1.17517787491526	0.628333455193596	201	175	0.0630850951763413	0.237315873826601
PWY.5850	Age.category	D15	-0.848028729106487	0.451995495512528	201	175	0.0622444989394992	0.237315873826601
PWY.5896	Age.category	Adult	1.17517787491526	0.628333455193596	201	175	0.0630850951763413	0.237315873826601
PWY.5896	Age.category	D15	-0.848028729106487	0.451995495512528	201	175	0.0622444989394992	0.237315873826601
PWY.7255	Age.category	D15	-0.770532022783329	0.408969871652713	201	193	0.0611691513842666	0.237315873826601
PWY.7431	Age.category	Adult	1.10123957964064	0.585329270612833	201	197	0.0615474998607677	0.237315873826601
PWY0.1241	Age.category	D15	-0.74972293309508	0.397241566877555	201	195	0.0607046316626977	0.237315873826601
PWY.5022	Treatment	L. kimchicus	1.36710682226285	0.70567025403342	201	189	0.0634897975131495	0.237491523822625
P241.PWY	Treatment	L. kimchicus	1.12384234776722	0.582525928107168	201	73	0.0639669557235196	0.238530984426956
P281.PWY	Age.category	Adult	1.34809083090622	0.725617520508313	201	175	0.0648439628248881	0.240616887170432
PWY.6123	Treatment	L. kimchicus	-0.27750092514637	0.143496822321334	201	201	0.0649283663793229	0.240616887170432
ECASYN.PWY	Age.category	Adult	1.555009340357	0.842344283513505	201	145	0.0665324547613511	0.240783360625272
FOLSYN.PWY	Treatment	L. kimchicus	0.771869025520606	0.402671146279312	201	201	0.0663182024072634	0.240783360625272
GLYCOLYSIS.TCA.GLYOX.BYPASS	Age.category	Adult	0.687226015622704	0.375066515029091	201	200	0.0685940902031894	0.240783360625272
HISDEG.PWY	Age.category	Adult	0.84236302698142	0.458407347541483	201	201	0.0678049114767223	0.240783360625272
P281.PWY	Treatment	L. kimchicus	1.70942338525995	0.892555956950981	201	175	0.0667350293774197	0.240783360625272
PWY.2942	Age.category	Adult	-0.138470886226847	0.075406753569161	201	201	0.0679955981456433	0.240783360625272
PWY.5178	Treatment	L. kimchicus	1.5367036197997	0.800478183230927	201	149	0.0662374785795287	0.240783360625272
PWY.5265	Treatment	L. kimchicus	1.37578186229254	0.715029412792612	201	172	0.0666638190563534	0.240783360625272
PWY.5695	Age.category	D15	-0.500778542046013	0.270732068390695	201	201	0.0659912566816138	0.240783360625272
PWY.5860	Age.category	D15	-0.852412324962997	0.464725729913872	201	175	0.0682665083282133	0.240783360625272
PWY.5862	Age.category	D15	-0.852412324962997	0.464725729913872	201	175	0.0682665083282133	0.240783360625272
PWY.6612	Treatment	L. kimchicus	0.859940887200917	0.447289164087615	201	201	0.0656133382821144	0.240783360625272
PWY.7094	Age.category	Adult	0.839395095823223	0.455395858363984	201	199	0.0669702168471672	0.240783360625272
PWY.7220	Age.category	Adult	-0.209961603306101	0.114209698523656	201	201	0.0676691271912934	0.240783360625272
PWY.7222	Age.category	Adult	-0.209961603306101	0.114209698523656	201	201	0.0676691271912934	0.240783360625272
PWY.7663	Age.category	D15	0.151490200971419	0.0823552844384746	201	201	0.0675117373508648	0.240783360625272
PWY0.781	Age.category	Adult	0.609919401593785	0.332634634217079	201	201	0.0683951755862379	0.240783360625272
REDCITCYC	Treatment	L. kimchicus	1.07733227686393	0.561744716410861	201	201	0.0661518583459413	0.240783360625272
P621.PWY	Age.category	Adult	1.36368270747548	0.74532455997506	201	100	0.0689585584599482	0.241354954609819
PENTOSE.P.PWY	Treatment	L. kimchicus	0.696638958333415	0.367447239234456	201	201	0.0693189850884597	0.241909111227074
NAGLIPASYN.PWY	Age.category	D15	-0.658606617733386	0.360939519605656	201	198	0.0696972892943795	0.242522253736547
GLUTORN.PWY	Age.category	D15	-0.515997530075051	0.284209510950884	201	201	0.0711163487201064	0.242524984096773
P261.PWY	Age.category	D15	-1.12302345793827	0.61828041281751	201	104	0.0709340204758408	0.242524984096773
PWY.1882	Age.category	D15	-0.763549048082734	0.418813395603284	201	83	0.0699306656296198	0.242524984096773
PWY.6339	Treatment	L. kimchicus	0.763601339483608	0.404341021860663	201	66	0.0707497650593112	0.242524984096773
PWY.6969	Age.category	Adult	0.669236553218027	0.367694514388431	201	201	0.0704406929164281	0.242524984096773
PWY.7098	Treatment	L. kimchicus	0.939370868430801	0.500253312561718	201	84	0.0710276032804379	0.242524984096773
PWY.7219	Age.category	Adult	-0.167233574323672	0.0917809812083704	201	201	0.0701378522076051	0.242524984096773
COLANSYN.PWY	Age.category	D15	-0.610632282844221	0.339161404833916	201	198	0.0734629352797465	0.245480151449882
GALACT.GLUCUROCAT.PWY	Age.category	D15	-0.767095595656293	0.426008351204252	201	191	0.0734433307113375	0.245480151449882
GLYCOLYSIS	Treatment	L. kimchicus	-0.255136328374852	0.136625194724184	201	201	0.0732642470149014	0.245480151449882
KETOGLUCONMET.PWY	Age.category	Adult	1.29225219626942	0.718822524868519	201	169	0.0739103833601184	0.245480151449882
NONMEVIPP.PWY	Age.category	D15	-0.4600472345656	0.255073016895369	201	201	0.0729848292476782	0.245480151449882
PWY.5347	Treatment	L. kimchicus	0.782828372415722	0.420039189218256	201	201	0.0739248353551898	0.245480151449882
PWY.6210	Treatment	L. kimchicus	1.45154466967592	0.773430947608768	201	127	0.0726931327947254	0.245480151449882
PWY.6467	Age.category	D15	-0.71156621308923	0.395366367759466	201	198	0.0735681939175619	0.245480151449882
PWY.7328	Age.category	D15	-0.672829298948822	0.374443789726541	201	195	0.0740336964690122	0.245480151449882
PWY.7560	Age.category	D15	-0.4600472345656	0.255073016895369	201	201	0.0729848292476782	0.245480151449882
GLYCOCAT.PWY	Age.category	Adult	0.724550267117722	0.404268155218335	201	201	0.074801078383018	0.245956891547664
PWY.2221	Age.category	D15	-0.712222491407768	0.397777447199668	201	66	0.0749993863115265	0.245956891547664
PWY.5347	Age.category	Adult	0.593297462912071	0.330921158089705	201	201	0.0746985805714193	0.245956891547664
PWY.6107	Age.category	Adult	1.4354587050903	0.800918115580125	201	161	0.0747629827232816	0.245956891547664
GLUCOSE1PMETAB.PWY	Age.category	Adult	1.22952971201745	0.688519741711386	201	180	0.0758420630256524	0.246984120243014
GLYOXYLATE.BYPASS	Treatment	L. kimchicus	1.14311021717029	0.618623024372267	201	200	0.0759151006667896	0.246984120243014
PWY.1501	Treatment	L. kimchicus	0.997524253436462	0.538105548175466	201	61	0.0768006310570518	0.246984120243014
PWY.5178	Age.category	D15	-0.90640101932689	0.509498539731002	201	149	0.0769084014264527	0.246984120243014
PWY.5345	Treatment	L. kimchicus	1.03047564064868	0.559450336342708	201	201	0.0769023578590764	0.246984120243014
PWY.6338	Treatment	L. kimchicus	0.933903624797862	0.508696670729655	201	84	0.0771696415796885	0.246984120243014
PWY.6628	Age.category	Adult	1.05314413397763	0.592093931831704	201	188	0.0769925033509843	0.246984120243014
PWY.6641	Treatment	L. kimchicus	1.24867010877837	0.670221603953133	201	79	0.0763754217164068	0.246984120243014
PWY.7097	Treatment	L. kimchicus	0.933903624797862	0.508696670729655	201	84	0.0771696415796885	0.246984120243014
PWY.6588	Treatment	L. kimchicus	1.30981540960026	0.716103497582401	201	189	0.0778004179973016	0.247021486320345
PWY.6749	Age.category	Adult	1.08193372156281	0.609439057229218	201	82	0.0775099928666294	0.247021486320345
PWYG.321	Age.category	D15	-0.721861736133887	0.406839808074132	201	193	0.0777039573244772	0.247021486320345
P4.PWY	Treatment	L. kimchicus	0.833628351441137	0.455140570244324	201	201	0.0785526861256236	0.247440961295714
PWY.6749	Treatment	L. kimchicus	1.0151416109625	0.555706947078225	201	82	0.0783928032154649	0.247440961295714
PWY.7094	Treatment	L. kimchicus	1.16209207795152	0.634131956187799	201	199	0.0782283146513363	0.247440961295714
PWY.6630	Age.category	Adult	1.04656179340214	0.592185504216698	201	188	0.0788866126964288	0.247840617841536
POLYAMINSYN3.PWY	Age.category	Adult	0.910218877138313	0.516041418524649	201	188	0.079477758224629	0.248790467025522
PWY.5840	Treatment	L. kimchicus	0.964410000443128	0.529034565429469	201	200	0.079853259251853	0.248790467025522
PWY.6353	Age.category	D15	-0.577918874285622	0.327904928729952	201	198	0.0796950347517931	0.248790467025522
PWY0.781	Treatment	L. kimchicus	0.82700500652174	0.453800226560177	201	201	0.0800203256514838	0.248790467025522
HEME.BIOSYNTHESIS.II	Treatment	L. kimchicus	1.08982219794394	0.599083601592746	201	201	0.0805186174216306	0.248916705173007
PWY.5918	Treatment	L. kimchicus	1.04285628226574	0.573928755626202	201	201	0.0808927304196321	0.248916705173007
PWY.7376	Treatment	L. kimchicus	1.34135040439875	0.738574498697184	201	192	0.0806027897502377	0.248916705173007
SULFATE.CYS.PWY	Treatment	L. kimchicus	1.03555579042895	0.570020302682088	201	201	0.0807594258521218	0.248916705173007
PYRIDNUCSYN.PWY	Age.category	D15	-0.467325186241435	0.266591231794117	201	201	0.0813195254009862	0.24958838949995
